{
  "implicitDependencies": {
    "angular.json": "*",
    "package.json": {
      "dependencies": "*",
      "devDependencies": "*"
    },
    "tsconfig.base.json": "*",
    "tslint.json": "*",
    ".eslintrc.json": "*",
    "nx.json": "*"
  },
  "affected": {
    "defaultBase": "master"
  },
  "npmScope": "resume",
  "tasksRunnerOptions": {
    "default": {
      "runner": "@nrwl/workspace/tasks-runners/default",
      "options": {
        "cacheableOperations": ["build", "lint", "test", "e2e"]
      }
    }
  },
  "projects": {
    "resume": {
      "tags": []
    },
    "resume-e2e": {
      "tags": [],
      "implicitDependencies": ["resume"]
    }
  }
}
